,Nearest Neighbors,Linear SVM,RBF SVM,Gaussian Process,Decision Tree,Random Forest,Neural Net,AdaBoost,Naive Bayes,QDA
0,0.7932960893854749,0.7597765363128491,0.7988826815642458,0.8212290502793296,0.7932960893854749,0.776536312849162,0.8268156424581006,0.7653631284916201,0.7653631284916201,0.8044692737430168
